file,proposed_label,verified_label,review_status,agronomist_name,notes
sample_data\raw_candidates\healthy\healthy_0000.jpg,healthy,,pending,,
sample_data\raw_candidates\healthy\healthy_0001.jpg,healthy,,pending,,
sample_data\raw_candidates\healthy\healthy_0002.jpg,healthy,,pending,,
sample_data\raw_candidates\healthy\healthy_0004.jpg,healthy,,pending,,
sample_data\raw_candidates\healthy\healthy_0005.jpg,healthy,,pending,,
sample_data\raw_candidates\healthy\healthy_0006.jpg,healthy,,pending,,
sample_data\raw_candidates\healthy\healthy_0007.jpg,healthy,,pending,,
sample_data\raw_candidates\healthy\healthy_0008.jpg,healthy,,pending,,
sample_data\raw_candidates\healthy\healthy_0009.jpg,healthy,,pending,,
sample_data\raw_candidates\healthy\healthy_0010.jpg,healthy,,pending,,
sample_data\raw_candidates\healthy\healthy_0011.jpg,healthy,,pending,,
sample_data\raw_candidates\healthy\healthy_0012.jpg,healthy,,pending,,
sample_data\raw_candidates\healthy\healthy_0013.jpg,healthy,,pending,,
sample_data\raw_candidates\healthy\healthy_inat_673860872.jpg,healthy,,pending,,
sample_data\raw_candidates\healthy\healthy_inat_673897067.jpg,healthy,,pending,,
sample_data\raw_candidates\healthy\healthy_inat_674190968.jpg,healthy,,pending,,
sample_data\raw_candidates\healthy\healthy_inat_674529441.jpg,healthy,,pending,,
sample_data\raw_candidates\healthy\healthy_inat_674531495.jpg,healthy,,pending,,
sample_data\raw_candidates\healthy\healthy_inat_674532059.jpg,healthy,,pending,,
sample_data\raw_candidates\healthy\healthy_inat_674545822.jpg,healthy,,pending,,
sample_data\raw_candidates\healthy\healthy_inat_674553105.jpg,healthy,,pending,,
sample_data\raw_candidates\healthy\healthy_inat_674558888.jpg,healthy,,pending,,
sample_data\raw_candidates\healthy\healthy_inat_674590032.jpg,healthy,,pending,,
sample_data\raw_candidates\healthy\healthy_inat_674827385.jpg,healthy,,pending,,
sample_data\raw_candidates\healthy\healthy_inat_675193616.jpg,healthy,,pending,,
sample_data\raw_candidates\healthy\healthy_inat_675247466.jpg,healthy,,pending,,
sample_data\raw_candidates\healthy\healthy_inat_675284780.jpg,healthy,,pending,,
sample_data\raw_candidates\healthy\healthy_inat_675284830.jpg,healthy,,pending,,
sample_data\raw_candidates\healthy\healthy_inat_675284872.jpg,healthy,,pending,,
sample_data\raw_candidates\healthy\healthy_inat_675288507.jpg,healthy,,pending,,
sample_data\raw_candidates\healthy\healthy_inat_675288553.jpg,healthy,,pending,,
sample_data\raw_candidates\healthy\healthy_inat_675288588.jpg,healthy,,pending,,
sample_data\raw_candidates\healthy\healthy_inat_675524991.jpg,healthy,,pending,,
sample_data\raw_candidates\healthy\healthy_inat_675833026.jpg,healthy,,pending,,
sample_data\raw_candidates\healthy\healthy_inat_676093645.jpg,healthy,,pending,,
sample_data\raw_candidates\healthy\healthy_inat_676228830.jpg,healthy,,pending,,
sample_data\raw_candidates\healthy\healthy_inat_676228832.jpg,healthy,,pending,,
sample_data\raw_candidates\healthy\healthy_inat_676228852.jpg,healthy,,pending,,
sample_data\raw_candidates\healthy\healthy_inat_676376306.jpg,healthy,,pending,,
sample_data\raw_candidates\healthy\healthy_inat_676443554.jpg,healthy,,pending,,
sample_data\raw_candidates\healthy\healthy_inat_676549795.jpg,healthy,,pending,,
sample_data\raw_candidates\healthy\healthy_inat_676554420.jpg,healthy,,pending,,
sample_data\raw_candidates\healthy\healthy_inat_676567824.jpg,healthy,,pending,,
sample_data\raw_candidates\healthy\healthy_inat_676737503.jpg,healthy,,pending,,
sample_data\raw_candidates\healthy\healthy_inat_676811848.jpg,healthy,,pending,,
sample_data\raw_candidates\healthy\healthy_inat_676811877.jpg,healthy,,pending,,
sample_data\raw_candidates\healthy\healthy_inat_677171405.jpg,healthy,,pending,,
sample_data\raw_candidates\healthy\healthy_inat_677535739.jpg,healthy,,pending,,
sample_data\raw_candidates\healthy\healthy_inat_677638625.jpg,healthy,,pending,,
sample_data\raw_candidates\healthy\healthy_inat_677658339.jpg,healthy,,pending,,
sample_data\raw_candidates\healthy\healthy_inat_677749963.jpg,healthy,,pending,,
sample_data\raw_candidates\healthy\healthy_inat_677750050.jpg,healthy,,pending,,
sample_data\raw_candidates\healthy\healthy_inat_677750182.jpg,healthy,,pending,,
sample_data\raw_candidates\healthy\healthy_inat_677815326.jpg,healthy,,pending,,
sample_data\raw_candidates\healthy\healthy_inat_678103523.jpg,healthy,,pending,,
sample_data\raw_candidates\healthy\healthy_inat_678137996.jpg,healthy,,pending,,
sample_data\raw_candidates\healthy\healthy_inat_678193276.jpg,healthy,,pending,,
sample_data\raw_candidates\healthy\healthy_inat_678204320.jpg,healthy,,pending,,
sample_data\raw_candidates\healthy\healthy_inat_678284857.jpg,healthy,,pending,,
sample_data\raw_candidates\healthy\healthy_inat_678284899.jpg,healthy,,pending,,
sample_data\raw_candidates\healthy\healthy_inat_678346814.jpg,healthy,,pending,,
sample_data\raw_candidates\healthy\healthy_inat_678346825.jpg,healthy,,pending,,
sample_data\raw_candidates\healthy\healthy_inat_678346871.jpg,healthy,,pending,,
sample_data\raw_candidates\healthy\healthy_inat_678355494.jpg,healthy,,pending,,
sample_data\raw_candidates\healthy\healthy_inat_678386163.jpg,healthy,,pending,,
sample_data\raw_candidates\healthy\healthy_inat_678396716.jpg,healthy,,pending,,
sample_data\raw_candidates\healthy\healthy_inat_678436563.jpg,healthy,,pending,,
sample_data\raw_candidates\healthy\healthy_inat_678834069.jpg,healthy,,pending,,
sample_data\raw_candidates\healthy\healthy_inat_678856852.jpg,healthy,,pending,,
sample_data\raw_candidates\healthy\healthy_inat_678975369.jpg,healthy,,pending,,
sample_data\raw_candidates\healthy\healthy_inat_679002644.jpg,healthy,,pending,,
sample_data\raw_candidates\healthy\healthy_inat_679144547.jpg,healthy,,pending,,
sample_data\raw_candidates\healthy\healthy_inat_679144558.jpg,healthy,,pending,,
sample_data\raw_candidates\healthy\healthy_inat_679607791.jpg,healthy,,pending,,
sample_data\raw_candidates\healthy\healthy_inat_679607797.jpg,healthy,,pending,,
sample_data\raw_candidates\healthy\healthy_inat_679635296.jpg,healthy,,pending,,
sample_data\raw_candidates\healthy\healthy_inat_679864490.jpg,healthy,,pending,,
sample_data\raw_candidates\healthy\healthy_inat_679865607.jpg,healthy,,pending,,
sample_data\raw_candidates\healthy\healthy_inat_680198707.jpg,healthy,,pending,,
sample_data\raw_candidates\healthy\healthy_inat_680608593.jpg,healthy,,pending,,
sample_data\raw_candidates\healthy\healthy_inat_680619686.jpg,healthy,,pending,,
sample_data\raw_candidates\healthy\healthy_inat_680619877.jpg,healthy,,pending,,
sample_data\raw_candidates\healthy\healthy_inat_680810934.jpg,healthy,,pending,,
sample_data\raw_candidates\healthy\healthy_inat_680978254.jpg,healthy,,pending,,
sample_data\raw_candidates\healthy\healthy_inat_680978322.jpg,healthy,,pending,,
sample_data\raw_candidates\healthy\healthy_inat_681017146.jpg,healthy,,pending,,
sample_data\raw_candidates\healthy\healthy_inat_681025154.jpg,healthy,,pending,,
sample_data\raw_candidates\healthy\healthy_inat_681054252.jpg,healthy,,pending,,
sample_data\raw_candidates\healthy\healthy_inat_681068366.jpg,healthy,,pending,,
sample_data\raw_candidates\healthy\healthy_inat_681074570.jpg,healthy,,pending,,
sample_data\raw_candidates\healthy\healthy_inat_681075372.jpg,healthy,,pending,,
sample_data\raw_candidates\healthy\healthy_inat_681078833.jpg,healthy,,pending,,
sample_data\raw_candidates\healthy\healthy_inat_681107031.jpg,healthy,,pending,,
sample_data\raw_candidates\healthy\healthy_inat_681386162.jpg,healthy,,pending,,
sample_data\raw_candidates\healthy\healthy_inat_681447215.jpg,healthy,,pending,,
sample_data\raw_candidates\healthy\healthy_inat_681506667.jpg,healthy,,pending,,
sample_data\raw_candidates\healthy\healthy_inat_681506673.jpg,healthy,,pending,,
sample_data\raw_candidates\healthy\healthy_inat_681581726.jpg,healthy,,pending,,
sample_data\raw_candidates\healthy\healthy_inat_681583298.jpg,healthy,,pending,,
sample_data\raw_candidates\healthy\healthy_inat_681583353.jpg,healthy,,pending,,
sample_data\raw_candidates\healthy\healthy_inat_681589980.jpg,healthy,,pending,,
sample_data\raw_candidates\healthy\healthy_inat_681597456.jpg,healthy,,pending,,
sample_data\raw_candidates\healthy\healthy_inat_682125730.jpg,healthy,,pending,,
sample_data\raw_candidates\healthy\healthy_inat_682548738.jpg,healthy,,pending,,
sample_data\raw_candidates\healthy\healthy_inat_682630987.jpg,healthy,,pending,,
sample_data\raw_candidates\healthy\healthy_inat_682888931.jpg,healthy,,pending,,
sample_data\raw_candidates\healthy\healthy_inat_682889002.jpg,healthy,,pending,,
sample_data\raw_candidates\healthy\healthy_inat_682901990.jpg,healthy,,pending,,
sample_data\raw_candidates\healthy\healthy_inat_682987476.jpg,healthy,,pending,,
sample_data\raw_candidates\stink_bug_damage\stink_bug_damage_0000.jpg,stink_bug_damage,,pending,,
sample_data\raw_candidates\stink_bug_damage\stink_bug_damage_0001.jpg,stink_bug_damage,,pending,,
sample_data\raw_candidates\stink_bug_damage\stink_bug_damage_inat_665288520.jpg,stink_bug_damage,,pending,,
sample_data\raw_candidates\stink_bug_damage\stink_bug_damage_inat_665288603.jpg,stink_bug_damage,,pending,,
sample_data\raw_candidates\stink_bug_damage\stink_bug_damage_inat_665288655.jpg,stink_bug_damage,,pending,,
sample_data\raw_candidates\stink_bug_damage\stink_bug_damage_inat_665456809.jpg,stink_bug_damage,,pending,,
sample_data\raw_candidates\stink_bug_damage\stink_bug_damage_inat_665465006.jpg,stink_bug_damage,,pending,,
sample_data\raw_candidates\stink_bug_damage\stink_bug_damage_inat_665465390.jpg,stink_bug_damage,,pending,,
sample_data\raw_candidates\stink_bug_damage\stink_bug_damage_inat_665807923.jpg,stink_bug_damage,,pending,,
sample_data\raw_candidates\stink_bug_damage\stink_bug_damage_inat_665858582.jpg,stink_bug_damage,,pending,,
sample_data\raw_candidates\stink_bug_damage\stink_bug_damage_inat_665900881.jpg,stink_bug_damage,,pending,,
sample_data\raw_candidates\stink_bug_damage\stink_bug_damage_inat_666069612.jpg,stink_bug_damage,,pending,,
sample_data\raw_candidates\stink_bug_damage\stink_bug_damage_inat_666349412.jpg,stink_bug_damage,,pending,,
sample_data\raw_candidates\stink_bug_damage\stink_bug_damage_inat_666536383.jpg,stink_bug_damage,,pending,,
sample_data\raw_candidates\stink_bug_damage\stink_bug_damage_inat_666723726.jpg,stink_bug_damage,,pending,,
sample_data\raw_candidates\stink_bug_damage\stink_bug_damage_inat_666807768.jpg,stink_bug_damage,,pending,,
sample_data\raw_candidates\stink_bug_damage\stink_bug_damage_inat_667111919.jpg,stink_bug_damage,,pending,,
sample_data\raw_candidates\stink_bug_damage\stink_bug_damage_inat_667462034.jpg,stink_bug_damage,,pending,,
sample_data\raw_candidates\stink_bug_damage\stink_bug_damage_inat_667585806.jpg,stink_bug_damage,,pending,,
sample_data\raw_candidates\stink_bug_damage\stink_bug_damage_inat_667641718.jpg,stink_bug_damage,,pending,,
sample_data\raw_candidates\stink_bug_damage\stink_bug_damage_inat_667641747.jpg,stink_bug_damage,,pending,,
sample_data\raw_candidates\stink_bug_damage\stink_bug_damage_inat_667809606.jpg,stink_bug_damage,,pending,,
sample_data\raw_candidates\stink_bug_damage\stink_bug_damage_inat_667892534.jpg,stink_bug_damage,,pending,,
sample_data\raw_candidates\stink_bug_damage\stink_bug_damage_inat_667905277.jpg,stink_bug_damage,,pending,,
sample_data\raw_candidates\stink_bug_damage\stink_bug_damage_inat_668108858.jpg,stink_bug_damage,,pending,,
sample_data\raw_candidates\stink_bug_damage\stink_bug_damage_inat_668108861.jpg,stink_bug_damage,,pending,,
sample_data\raw_candidates\stink_bug_damage\stink_bug_damage_inat_668108870.jpg,stink_bug_damage,,pending,,
sample_data\raw_candidates\stink_bug_damage\stink_bug_damage_inat_668366298.jpg,stink_bug_damage,,pending,,
sample_data\raw_candidates\stink_bug_damage\stink_bug_damage_inat_668768612.jpg,stink_bug_damage,,pending,,
sample_data\raw_candidates\stink_bug_damage\stink_bug_damage_inat_669539253.jpg,stink_bug_damage,,pending,,
sample_data\raw_candidates\stink_bug_damage\stink_bug_damage_inat_669769625.jpg,stink_bug_damage,,pending,,
sample_data\raw_candidates\stink_bug_damage\stink_bug_damage_inat_669783903.jpg,stink_bug_damage,,pending,,
sample_data\raw_candidates\stink_bug_damage\stink_bug_damage_inat_670027331.jpg,stink_bug_damage,,pending,,
sample_data\raw_candidates\stink_bug_damage\stink_bug_damage_inat_670305735.jpg,stink_bug_damage,,pending,,
sample_data\raw_candidates\stink_bug_damage\stink_bug_damage_inat_670736373.jpg,stink_bug_damage,,pending,,
sample_data\raw_candidates\stink_bug_damage\stink_bug_damage_inat_670737572.jpg,stink_bug_damage,,pending,,
sample_data\raw_candidates\stink_bug_damage\stink_bug_damage_inat_671233225.jpg,stink_bug_damage,,pending,,
sample_data\raw_candidates\stink_bug_damage\stink_bug_damage_inat_671613740.jpg,stink_bug_damage,,pending,,
sample_data\raw_candidates\stink_bug_damage\stink_bug_damage_inat_671977935.jpg,stink_bug_damage,,pending,,
sample_data\raw_candidates\stink_bug_damage\stink_bug_damage_inat_672308590.jpg,stink_bug_damage,,pending,,
sample_data\raw_candidates\stink_bug_damage\stink_bug_damage_inat_672308592.jpg,stink_bug_damage,,pending,,
sample_data\raw_candidates\stink_bug_damage\stink_bug_damage_inat_672553362.jpg,stink_bug_damage,,pending,,
sample_data\raw_candidates\stink_bug_damage\stink_bug_damage_inat_672801317.jpg,stink_bug_damage,,pending,,
sample_data\raw_candidates\stink_bug_damage\stink_bug_damage_inat_672801333.jpg,stink_bug_damage,,pending,,
sample_data\raw_candidates\stink_bug_damage\stink_bug_damage_inat_672801350.jpg,stink_bug_damage,,pending,,
sample_data\raw_candidates\stink_bug_damage\stink_bug_damage_inat_672927549.jpg,stink_bug_damage,,pending,,
sample_data\raw_candidates\stink_bug_damage\stink_bug_damage_inat_672927585.jpg,stink_bug_damage,,pending,,
sample_data\raw_candidates\stink_bug_damage\stink_bug_damage_inat_672940815.jpg,stink_bug_damage,,pending,,
sample_data\raw_candidates\stink_bug_damage\stink_bug_damage_inat_673196835.jpg,stink_bug_damage,,pending,,
sample_data\raw_candidates\stink_bug_damage\stink_bug_damage_inat_673196845.jpg,stink_bug_damage,,pending,,
sample_data\raw_candidates\stink_bug_damage\stink_bug_damage_inat_673230442.jpg,stink_bug_damage,,pending,,
sample_data\raw_candidates\stink_bug_damage\stink_bug_damage_inat_673230450.jpg,stink_bug_damage,,pending,,
sample_data\raw_candidates\stink_bug_damage\stink_bug_damage_inat_673230647.jpg,stink_bug_damage,,pending,,
sample_data\raw_candidates\stink_bug_damage\stink_bug_damage_inat_673230654.jpg,stink_bug_damage,,pending,,
sample_data\raw_candidates\stink_bug_damage\stink_bug_damage_inat_673230754.jpg,stink_bug_damage,,pending,,
sample_data\raw_candidates\stink_bug_damage\stink_bug_damage_inat_673230755.jpg,stink_bug_damage,,pending,,
sample_data\raw_candidates\stink_bug_damage\stink_bug_damage_inat_673230773.jpg,stink_bug_damage,,pending,,
sample_data\raw_candidates\stink_bug_damage\stink_bug_damage_inat_673230964.jpg,stink_bug_damage,,pending,,
sample_data\raw_candidates\stink_bug_damage\stink_bug_damage_inat_673230977.jpg,stink_bug_damage,,pending,,
sample_data\raw_candidates\stink_bug_damage\stink_bug_damage_inat_673256204.jpg,stink_bug_damage,,pending,,
sample_data\raw_candidates\stink_bug_damage\stink_bug_damage_inat_673563232.jpg,stink_bug_damage,,pending,,
sample_data\raw_candidates\stink_bug_damage\stink_bug_damage_inat_673596491.jpg,stink_bug_damage,,pending,,
sample_data\raw_candidates\stink_bug_damage\stink_bug_damage_inat_673675894.jpg,stink_bug_damage,,pending,,
sample_data\raw_candidates\stink_bug_damage\stink_bug_damage_inat_673894906.jpg,stink_bug_damage,,pending,,
sample_data\raw_candidates\stink_bug_damage\stink_bug_damage_inat_673966819.jpg,stink_bug_damage,,pending,,
sample_data\raw_candidates\stink_bug_damage\stink_bug_damage_inat_673966883.jpg,stink_bug_damage,,pending,,
sample_data\raw_candidates\stink_bug_damage\stink_bug_damage_inat_673966946.jpg,stink_bug_damage,,pending,,
sample_data\raw_candidates\stink_bug_damage\stink_bug_damage_inat_673979071.jpg,stink_bug_damage,,pending,,
sample_data\raw_candidates\stink_bug_damage\stink_bug_damage_inat_673979148.jpg,stink_bug_damage,,pending,,
sample_data\raw_candidates\stink_bug_damage\stink_bug_damage_inat_674308076.jpg,stink_bug_damage,,pending,,
sample_data\raw_candidates\stink_bug_damage\stink_bug_damage_inat_674308116.jpg,stink_bug_damage,,pending,,
sample_data\raw_candidates\stink_bug_damage\stink_bug_damage_inat_674368224.jpg,stink_bug_damage,,pending,,
sample_data\raw_candidates\stink_bug_damage\stink_bug_damage_inat_674822789.jpg,stink_bug_damage,,pending,,
sample_data\raw_candidates\stink_bug_damage\stink_bug_damage_inat_674822879.jpg,stink_bug_damage,,pending,,
sample_data\raw_candidates\stink_bug_damage\stink_bug_damage_inat_674906677.jpg,stink_bug_damage,,pending,,
sample_data\raw_candidates\stink_bug_damage\stink_bug_damage_inat_674906688.jpg,stink_bug_damage,,pending,,
sample_data\raw_candidates\stink_bug_damage\stink_bug_damage_inat_675079251.jpg,stink_bug_damage,,pending,,
sample_data\raw_candidates\stink_bug_damage\stink_bug_damage_inat_675522167.jpg,stink_bug_damage,,pending,,
sample_data\raw_candidates\stink_bug_damage\stink_bug_damage_inat_675522221.jpg,stink_bug_damage,,pending,,
sample_data\raw_candidates\stink_bug_damage\stink_bug_damage_inat_675522267.jpg,stink_bug_damage,,pending,,
sample_data\raw_candidates\stink_bug_damage\stink_bug_damage_inat_675600240.jpg,stink_bug_damage,,pending,,
sample_data\raw_candidates\stink_bug_damage\stink_bug_damage_inat_675672091.jpg,stink_bug_damage,,pending,,
sample_data\raw_candidates\stink_bug_damage\stink_bug_damage_inat_676405384.jpg,stink_bug_damage,,pending,,
sample_data\raw_candidates\stink_bug_damage\stink_bug_damage_inat_676628662.jpg,stink_bug_damage,,pending,,
sample_data\raw_candidates\stink_bug_damage\stink_bug_damage_inat_676628665.jpg,stink_bug_damage,,pending,,
sample_data\raw_candidates\stink_bug_damage\stink_bug_damage_inat_677213149.jpg,stink_bug_damage,,pending,,
sample_data\raw_candidates\stink_bug_damage\stink_bug_damage_inat_677497131.jpg,stink_bug_damage,,pending,,
sample_data\raw_candidates\stink_bug_damage\stink_bug_damage_inat_677497136.jpg,stink_bug_damage,,pending,,
sample_data\raw_candidates\stink_bug_damage\stink_bug_damage_inat_677497138.jpg,stink_bug_damage,,pending,,
sample_data\raw_candidates\stink_bug_damage\stink_bug_damage_inat_677497143.jpg,stink_bug_damage,,pending,,
sample_data\raw_candidates\stink_bug_damage\stink_bug_damage_inat_677497144.jpg,stink_bug_damage,,pending,,
sample_data\raw_candidates\stink_bug_damage\stink_bug_damage_inat_677786057.jpg,stink_bug_damage,,pending,,
sample_data\raw_candidates\stink_bug_damage\stink_bug_damage_inat_677971158.jpg,stink_bug_damage,,pending,,
sample_data\raw_candidates\stink_bug_damage\stink_bug_damage_inat_677971162.jpg,stink_bug_damage,,pending,,
sample_data\raw_candidates\stink_bug_damage\stink_bug_damage_inat_677971163.jpg,stink_bug_damage,,pending,,
sample_data\raw_candidates\stink_bug_damage\stink_bug_damage_inat_678202490.jpg,stink_bug_damage,,pending,,
sample_data\raw_candidates\stink_bug_damage\stink_bug_damage_inat_678766591.jpg,stink_bug_damage,,pending,,
sample_data\raw_candidates\stink_bug_damage\stink_bug_damage_inat_678767147.jpg,stink_bug_damage,,pending,,
sample_data\raw_candidates\stink_bug_damage\stink_bug_damage_inat_679644646.jpg,stink_bug_damage,,pending,,
sample_data\raw_candidates\stink_bug_damage\stink_bug_damage_inat_679644707.jpg,stink_bug_damage,,pending,,
sample_data\raw_candidates\stink_bug_damage\stink_bug_damage_inat_679840652.jpg,stink_bug_damage,,pending,,
sample_data\raw_candidates\stink_bug_damage\stink_bug_damage_inat_681017270.jpg,stink_bug_damage,,pending,,
sample_data\raw_candidates\stink_bug_damage\stink_bug_damage_inat_681017300.jpg,stink_bug_damage,,pending,,
sample_data\raw_candidates\stink_bug_damage\stink_bug_damage_inat_681447943.jpg,stink_bug_damage,,pending,,
sample_data\raw_candidates\stink_bug_damage\stink_bug_damage_inat_682349788.jpg,stink_bug_damage,,pending,,
sample_data\raw_candidates\stink_bug_damage\stink_bug_damage_inat_682349800.jpg,stink_bug_damage,,pending,,
sample_data\raw_candidates\stink_bug_damage\stink_bug_damage_inat_682640011.jpg,stink_bug_damage,,pending,,
sample_data\raw_candidates\stink_bug_damage\stink_bug_damage_inat_682640017.jpg,stink_bug_damage,,pending,,
sample_data\raw_candidates\stink_bug_damage\stink_bug_damage_inat_682844158.jpg,stink_bug_damage,,pending,,
sample_data\raw_candidates\stink_bug_damage\stink_bug_damage_inat_683008135.jpg,stink_bug_damage,,pending,,
sample_data\raw_candidates\fungal_spot\fungal_spot_inat_103036878.jpg,fungal_spot,,pending,,
sample_data\raw_candidates\fungal_spot\fungal_spot_inat_105777155.jpg,fungal_spot,,pending,,
sample_data\raw_candidates\fungal_spot\fungal_spot_inat_167394846.jpg,fungal_spot,,pending,,
sample_data\raw_candidates\fungal_spot\fungal_spot_inat_172402366.jpg,fungal_spot,,pending,,
sample_data\raw_candidates\fungal_spot\fungal_spot_inat_230858854.jpg,fungal_spot,,pending,,
sample_data\raw_candidates\fungal_spot\fungal_spot_inat_236239104.jpg,fungal_spot,,pending,,
sample_data\raw_candidates\fungal_spot\fungal_spot_inat_236239950.jpg,fungal_spot,,pending,,
sample_data\raw_candidates\fungal_spot\fungal_spot_inat_240116130.jpg,fungal_spot,,pending,,
sample_data\raw_candidates\fungal_spot\fungal_spot_inat_325543243.jpg,fungal_spot,,pending,,
sample_data\raw_candidates\fungal_spot\fungal_spot_inat_325543263.jpg,fungal_spot,,pending,,
sample_data\raw_candidates\fungal_spot\fungal_spot_inat_327805766.jpg,fungal_spot,,pending,,
sample_data\raw_candidates\fungal_spot\fungal_spot_inat_328740295.jpg,fungal_spot,,pending,,
sample_data\raw_candidates\fungal_spot\fungal_spot_inat_328740328.jpg,fungal_spot,,pending,,
sample_data\raw_candidates\fungal_spot\fungal_spot_inat_329739347.jpg,fungal_spot,,pending,,
sample_data\raw_candidates\fungal_spot\fungal_spot_inat_330001515.jpg,fungal_spot,,pending,,
sample_data\raw_candidates\fungal_spot\fungal_spot_inat_330029182.jpg,fungal_spot,,pending,,
sample_data\raw_candidates\fungal_spot\fungal_spot_inat_330063800.jpg,fungal_spot,,pending,,
sample_data\raw_candidates\fungal_spot\fungal_spot_inat_332297713.jpg,fungal_spot,,pending,,
sample_data\raw_candidates\fungal_spot\fungal_spot_inat_333182087.jpg,fungal_spot,,pending,,
sample_data\raw_candidates\fungal_spot\fungal_spot_inat_333182172.jpg,fungal_spot,,pending,,
sample_data\raw_candidates\fungal_spot\fungal_spot_inat_405706904.jpg,fungal_spot,,pending,,
sample_data\raw_candidates\fungal_spot\fungal_spot_inat_430373035.jpg,fungal_spot,,pending,,
sample_data\raw_candidates\fungal_spot\fungal_spot_inat_430373081.jpg,fungal_spot,,pending,,
sample_data\raw_candidates\fungal_spot\fungal_spot_inat_432677574.jpg,fungal_spot,,pending,,
sample_data\raw_candidates\fungal_spot\fungal_spot_inat_432677622.jpg,fungal_spot,,pending,,
sample_data\raw_candidates\fungal_spot\fungal_spot_inat_432677686.jpg,fungal_spot,,pending,,
sample_data\raw_candidates\fungal_spot\fungal_spot_inat_432677770.jpg,fungal_spot,,pending,,
sample_data\raw_candidates\fungal_spot\fungal_spot_inat_432677841.jpg,fungal_spot,,pending,,
sample_data\raw_candidates\fungal_spot\fungal_spot_inat_432677883.jpg,fungal_spot,,pending,,
sample_data\raw_candidates\fungal_spot\fungal_spot_inat_432677929.jpg,fungal_spot,,pending,,
sample_data\raw_candidates\fungal_spot\fungal_spot_inat_432972270.jpg,fungal_spot,,pending,,
sample_data\raw_candidates\fungal_spot\fungal_spot_inat_432972308.jpg,fungal_spot,,pending,,
sample_data\raw_candidates\fungal_spot\fungal_spot_inat_434014094.jpg,fungal_spot,,pending,,
sample_data\raw_candidates\fungal_spot\fungal_spot_inat_434014096.jpg,fungal_spot,,pending,,
sample_data\raw_candidates\fungal_spot\fungal_spot_inat_434014113.jpg,fungal_spot,,pending,,
sample_data\raw_candidates\fungal_spot\fungal_spot_inat_436464136.jpg,fungal_spot,,pending,,
sample_data\raw_candidates\fungal_spot\fungal_spot_inat_441777396.jpg,fungal_spot,,pending,,
sample_data\raw_candidates\fungal_spot\fungal_spot_inat_441777497.jpg,fungal_spot,,pending,,
sample_data\raw_candidates\fungal_spot\fungal_spot_inat_442292131.jpg,fungal_spot,,pending,,
sample_data\raw_candidates\fungal_spot\fungal_spot_inat_442292157.jpg,fungal_spot,,pending,,
sample_data\raw_candidates\fungal_spot\fungal_spot_inat_442292187.jpg,fungal_spot,,pending,,
sample_data\raw_candidates\fungal_spot\fungal_spot_inat_443202190.jpg,fungal_spot,,pending,,
sample_data\raw_candidates\fungal_spot\fungal_spot_inat_443202228.jpg,fungal_spot,,pending,,
sample_data\raw_candidates\fungal_spot\fungal_spot_inat_443291295.jpg,fungal_spot,,pending,,
sample_data\raw_candidates\fungal_spot\fungal_spot_inat_444201311.jpg,fungal_spot,,pending,,
sample_data\raw_candidates\fungal_spot\fungal_spot_inat_444201331.jpg,fungal_spot,,pending,,
sample_data\raw_candidates\fungal_spot\fungal_spot_inat_446051184.jpg,fungal_spot,,pending,,
sample_data\raw_candidates\fungal_spot\fungal_spot_inat_449062000.jpg,fungal_spot,,pending,,
sample_data\raw_candidates\fungal_spot\fungal_spot_inat_449062017.jpg,fungal_spot,,pending,,
sample_data\raw_candidates\fungal_spot\fungal_spot_inat_449062033.jpg,fungal_spot,,pending,,
sample_data\raw_candidates\fungal_spot\fungal_spot_inat_449112657.jpg,fungal_spot,,pending,,
sample_data\raw_candidates\fungal_spot\fungal_spot_inat_449438025.jpg,fungal_spot,,pending,,
sample_data\raw_candidates\fungal_spot\fungal_spot_inat_449438061.jpg,fungal_spot,,pending,,
sample_data\raw_candidates\fungal_spot\fungal_spot_inat_449438095.jpg,fungal_spot,,pending,,
sample_data\raw_candidates\fungal_spot\fungal_spot_inat_449565979.jpg,fungal_spot,,pending,,
sample_data\raw_candidates\fungal_spot\fungal_spot_inat_449566001.jpg,fungal_spot,,pending,,
sample_data\raw_candidates\fungal_spot\fungal_spot_inat_449566019.jpg,fungal_spot,,pending,,
sample_data\raw_candidates\fungal_spot\fungal_spot_inat_449566047.jpg,fungal_spot,,pending,,
sample_data\raw_candidates\fungal_spot\fungal_spot_inat_449566067.jpg,fungal_spot,,pending,,
sample_data\raw_candidates\fungal_spot\fungal_spot_inat_450195531.jpg,fungal_spot,,pending,,
sample_data\raw_candidates\fungal_spot\fungal_spot_inat_450195533.jpg,fungal_spot,,pending,,
sample_data\raw_candidates\fungal_spot\fungal_spot_inat_450202147.jpg,fungal_spot,,pending,,
sample_data\raw_candidates\fungal_spot\fungal_spot_inat_450202149.jpg,fungal_spot,,pending,,
sample_data\raw_candidates\fungal_spot\fungal_spot_inat_450202151.jpg,fungal_spot,,pending,,
sample_data\raw_candidates\fungal_spot\fungal_spot_inat_450308315.jpg,fungal_spot,,pending,,
sample_data\raw_candidates\fungal_spot\fungal_spot_inat_558465219.jpg,fungal_spot,,pending,,
sample_data\raw_candidates\fungal_spot\fungal_spot_inat_564492660.jpg,fungal_spot,,pending,,
sample_data\raw_candidates\fungal_spot\fungal_spot_inat_566771978.jpg,fungal_spot,,pending,,
sample_data\raw_candidates\fungal_spot\fungal_spot_inat_567269791.jpg,fungal_spot,,pending,,
sample_data\raw_candidates\fungal_spot\fungal_spot_inat_568368210.jpg,fungal_spot,,pending,,
sample_data\raw_candidates\fungal_spot\fungal_spot_inat_568767002.jpg,fungal_spot,,pending,,
sample_data\raw_candidates\fungal_spot\fungal_spot_inat_573850034.jpg,fungal_spot,,pending,,
sample_data\raw_candidates\fungal_spot\fungal_spot_inat_573866924.jpg,fungal_spot,,pending,,
sample_data\raw_candidates\fungal_spot\fungal_spot_inat_573934294.jpg,fungal_spot,,pending,,
sample_data\raw_candidates\fungal_spot\fungal_spot_inat_573986618.jpg,fungal_spot,,pending,,
sample_data\raw_candidates\fungal_spot\fungal_spot_inat_573986663.jpg,fungal_spot,,pending,,
sample_data\raw_candidates\fungal_spot\fungal_spot_inat_573986698.jpg,fungal_spot,,pending,,
sample_data\raw_candidates\fungal_spot\fungal_spot_inat_573986719.jpg,fungal_spot,,pending,,
sample_data\raw_candidates\fungal_spot\fungal_spot_inat_573986749.jpg,fungal_spot,,pending,,
sample_data\raw_candidates\fungal_spot\fungal_spot_inat_573986779.jpg,fungal_spot,,pending,,
sample_data\raw_candidates\fungal_spot\fungal_spot_inat_575971345.jpg,fungal_spot,,pending,,
sample_data\raw_candidates\fungal_spot\fungal_spot_inat_575971349.jpg,fungal_spot,,pending,,
sample_data\raw_candidates\fungal_spot\fungal_spot_inat_577318525.jpg,fungal_spot,,pending,,
sample_data\raw_candidates\fungal_spot\fungal_spot_inat_577318548.jpg,fungal_spot,,pending,,
sample_data\raw_candidates\fungal_spot\fungal_spot_inat_577318580.jpg,fungal_spot,,pending,,
sample_data\raw_candidates\fungal_spot\fungal_spot_inat_578018715.jpg,fungal_spot,,pending,,
sample_data\raw_candidates\fungal_spot\fungal_spot_inat_578018752.jpg,fungal_spot,,pending,,
sample_data\raw_candidates\fungal_spot\fungal_spot_inat_578475346.jpg,fungal_spot,,pending,,
sample_data\raw_candidates\fungal_spot\fungal_spot_inat_578475382.jpg,fungal_spot,,pending,,
sample_data\raw_candidates\fungal_spot\fungal_spot_inat_579296018.jpg,fungal_spot,,pending,,
sample_data\raw_candidates\fungal_spot\fungal_spot_inat_579296141.jpg,fungal_spot,,pending,,
sample_data\raw_candidates\fungal_spot\fungal_spot_inat_579296165.jpg,fungal_spot,,pending,,
sample_data\raw_candidates\fungal_spot\fungal_spot_inat_579296208.jpg,fungal_spot,,pending,,
sample_data\raw_candidates\fungal_spot\fungal_spot_inat_579296263.jpg,fungal_spot,,pending,,
sample_data\raw_candidates\fungal_spot\fungal_spot_inat_579346009.jpg,fungal_spot,,pending,,
sample_data\raw_candidates\fungal_spot\fungal_spot_inat_579346143.jpg,fungal_spot,,pending,,
sample_data\raw_candidates\fungal_spot\fungal_spot_inat_583281191.jpg,fungal_spot,,pending,,
sample_data\raw_candidates\fungal_spot\fungal_spot_inat_583281212.jpg,fungal_spot,,pending,,
sample_data\raw_candidates\fungal_spot\fungal_spot_inat_583281227.jpg,fungal_spot,,pending,,
sample_data\raw_candidates\fungal_spot\fungal_spot_inat_583929615.jpg,fungal_spot,,pending,,
sample_data\raw_candidates\fungal_spot\fungal_spot_inat_586968071.jpg,fungal_spot,,pending,,
sample_data\raw_candidates\fungal_spot\fungal_spot_inat_586968116.jpg,fungal_spot,,pending,,
sample_data\raw_candidates\fungal_spot\fungal_spot_inat_589264483.jpg,fungal_spot,,pending,,
sample_data\raw_candidates\fungal_spot\fungal_spot_inat_589264700.jpg,fungal_spot,,pending,,
sample_data\raw_candidates\fungal_spot\fungal_spot_inat_590697956.jpg,fungal_spot,,pending,,
sample_data\raw_candidates\fungal_spot\fungal_spot_inat_590697959.jpg,fungal_spot,,pending,,
sample_data\raw_candidates\fungal_spot\fungal_spot_inat_590697964.jpg,fungal_spot,,pending,,
sample_data\raw_candidates\fungal_spot\fungal_spot_inat_590697981.jpg,fungal_spot,,pending,,
sample_data\raw_candidates\fungal_spot\fungal_spot_inat_590697983.jpg,fungal_spot,,pending,,
sample_data\raw_candidates\fruit_rot\fruit_rot_0000.jpg,fruit_rot,,pending,,
sample_data\raw_candidates\fruit_rot\fruit_rot_inat_151965394.jpg,fruit_rot,,pending,,
sample_data\raw_candidates\fruit_rot\fruit_rot_inat_219626372.jpg,fruit_rot,,pending,,
sample_data\raw_candidates\fruit_rot\fruit_rot_inat_219626443.jpg,fruit_rot,,pending,,
sample_data\raw_candidates\fruit_rot\fruit_rot_inat_224274995.jpg,fruit_rot,,pending,,
sample_data\raw_candidates\fruit_rot\fruit_rot_inat_224275041.jpg,fruit_rot,,pending,,
sample_data\raw_candidates\fruit_rot\fruit_rot_inat_25265886.jpg,fruit_rot,,pending,,
sample_data\raw_candidates\fruit_rot\fruit_rot_inat_302036198.jpg,fruit_rot,,pending,,
sample_data\raw_candidates\fruit_rot\fruit_rot_inat_311485719.jpg,fruit_rot,,pending,,
sample_data\raw_candidates\fruit_rot\fruit_rot_inat_311485985.jpg,fruit_rot,,pending,,
sample_data\raw_candidates\fruit_rot\fruit_rot_inat_311485993.jpg,fruit_rot,,pending,,
sample_data\raw_candidates\fruit_rot\fruit_rot_inat_312857519.jpg,fruit_rot,,pending,,
sample_data\raw_candidates\fruit_rot\fruit_rot_inat_312857539.jpg,fruit_rot,,pending,,
sample_data\raw_candidates\fruit_rot\fruit_rot_inat_314940809.jpg,fruit_rot,,pending,,
sample_data\raw_candidates\fruit_rot\fruit_rot_inat_326326561.jpg,fruit_rot,,pending,,
sample_data\raw_candidates\fruit_rot\fruit_rot_inat_396864961.jpg,fruit_rot,,pending,,
sample_data\raw_candidates\fruit_rot\fruit_rot_inat_411918839.jpg,fruit_rot,,pending,,
sample_data\raw_candidates\fruit_rot\fruit_rot_inat_411918874.jpg,fruit_rot,,pending,,
sample_data\raw_candidates\fruit_rot\fruit_rot_inat_413483011.jpg,fruit_rot,,pending,,
sample_data\raw_candidates\fruit_rot\fruit_rot_inat_413483066.jpg,fruit_rot,,pending,,
sample_data\raw_candidates\fruit_rot\fruit_rot_inat_413483070.jpg,fruit_rot,,pending,,
sample_data\raw_candidates\fruit_rot\fruit_rot_inat_413483092.jpg,fruit_rot,,pending,,
sample_data\raw_candidates\fruit_rot\fruit_rot_inat_419370890.jpg,fruit_rot,,pending,,
sample_data\raw_candidates\fruit_rot\fruit_rot_inat_419370941.jpg,fruit_rot,,pending,,
sample_data\raw_candidates\fruit_rot\fruit_rot_inat_422823023.jpg,fruit_rot,,pending,,
sample_data\raw_candidates\fruit_rot\fruit_rot_inat_434377219.jpg,fruit_rot,,pending,,
sample_data\raw_candidates\fruit_rot\fruit_rot_inat_434377254.jpg,fruit_rot,,pending,,
sample_data\raw_candidates\fruit_rot\fruit_rot_inat_434377328.jpg,fruit_rot,,pending,,
sample_data\raw_candidates\fruit_rot\fruit_rot_inat_434377372.jpg,fruit_rot,,pending,,
sample_data\raw_candidates\fruit_rot\fruit_rot_inat_45140823.jpg,fruit_rot,,pending,,
sample_data\raw_candidates\fruit_rot\fruit_rot_inat_48090355.jpg,fruit_rot,,pending,,
sample_data\raw_candidates\fruit_rot\fruit_rot_inat_48090372.jpg,fruit_rot,,pending,,
sample_data\raw_candidates\fruit_rot\fruit_rot_inat_48090390.jpg,fruit_rot,,pending,,
sample_data\raw_candidates\fruit_rot\fruit_rot_inat_48090403.jpg,fruit_rot,,pending,,
sample_data\raw_candidates\fruit_rot\fruit_rot_inat_49793635.jpg,fruit_rot,,pending,,
sample_data\raw_candidates\fruit_rot\fruit_rot_inat_49793654.jpg,fruit_rot,,pending,,
sample_data\raw_candidates\fruit_rot\fruit_rot_inat_527968360.jpg,fruit_rot,,pending,,
sample_data\raw_candidates\fruit_rot\fruit_rot_inat_527968392.jpg,fruit_rot,,pending,,
sample_data\raw_candidates\fruit_rot\fruit_rot_inat_52960777.jpg,fruit_rot,,pending,,
sample_data\raw_candidates\fruit_rot\fruit_rot_inat_52960788.jpg,fruit_rot,,pending,,
sample_data\raw_candidates\fruit_rot\fruit_rot_inat_531671804.jpg,fruit_rot,,pending,,
sample_data\raw_candidates\fruit_rot\fruit_rot_inat_542460063.jpg,fruit_rot,,pending,,
sample_data\raw_candidates\fruit_rot\fruit_rot_inat_550985830.jpg,fruit_rot,,pending,,
sample_data\raw_candidates\fruit_rot\fruit_rot_inat_550985867.jpg,fruit_rot,,pending,,
sample_data\raw_candidates\fruit_rot\fruit_rot_inat_550985925.jpg,fruit_rot,,pending,,
sample_data\raw_candidates\fruit_rot\fruit_rot_inat_550986005.jpg,fruit_rot,,pending,,
sample_data\raw_candidates\fruit_rot\fruit_rot_inat_553812868.jpg,fruit_rot,,pending,,
sample_data\raw_candidates\fruit_rot\fruit_rot_inat_557061290.jpg,fruit_rot,,pending,,
sample_data\raw_candidates\fruit_rot\fruit_rot_inat_557061291.jpg,fruit_rot,,pending,,
sample_data\raw_candidates\fruit_rot\fruit_rot_inat_557061311.jpg,fruit_rot,,pending,,
sample_data\raw_candidates\fruit_rot\fruit_rot_inat_564062546.jpg,fruit_rot,,pending,,
sample_data\raw_candidates\fruit_rot\fruit_rot_inat_564062548.jpg,fruit_rot,,pending,,
sample_data\raw_candidates\fruit_rot\fruit_rot_inat_564621412.jpg,fruit_rot,,pending,,
sample_data\raw_candidates\fruit_rot\fruit_rot_inat_564621431.jpg,fruit_rot,,pending,,
sample_data\raw_candidates\fruit_rot\fruit_rot_inat_564621453.jpg,fruit_rot,,pending,,
sample_data\raw_candidates\fruit_rot\fruit_rot_inat_565821537.jpg,fruit_rot,,pending,,
sample_data\raw_candidates\fruit_rot\fruit_rot_inat_567273826.jpg,fruit_rot,,pending,,
sample_data\raw_candidates\fruit_rot\fruit_rot_inat_567273827.jpg,fruit_rot,,pending,,
sample_data\raw_candidates\fruit_rot\fruit_rot_inat_567273832.jpg,fruit_rot,,pending,,
sample_data\raw_candidates\fruit_rot\fruit_rot_inat_567273862.jpg,fruit_rot,,pending,,
sample_data\raw_candidates\fruit_rot\fruit_rot_inat_567273864.jpg,fruit_rot,,pending,,
sample_data\raw_candidates\fruit_rot\fruit_rot_inat_567273865.jpg,fruit_rot,,pending,,
sample_data\raw_candidates\fruit_rot\fruit_rot_inat_567273899.jpg,fruit_rot,,pending,,
sample_data\raw_candidates\fruit_rot\fruit_rot_inat_567308755.jpg,fruit_rot,,pending,,
sample_data\raw_candidates\fruit_rot\fruit_rot_inat_574452705.jpg,fruit_rot,,pending,,
sample_data\raw_candidates\fruit_rot\fruit_rot_inat_576899566.jpg,fruit_rot,,pending,,
sample_data\raw_candidates\fruit_rot\fruit_rot_inat_576899571.jpg,fruit_rot,,pending,,
sample_data\raw_candidates\fruit_rot\fruit_rot_inat_584266081.jpg,fruit_rot,,pending,,
sample_data\raw_candidates\fruit_rot\fruit_rot_inat_584774796.jpg,fruit_rot,,pending,,
sample_data\raw_candidates\fruit_rot\fruit_rot_inat_667361360.jpg,fruit_rot,,pending,,
sample_data\raw_candidates\fruit_rot\fruit_rot_inat_667361379.jpg,fruit_rot,,pending,,
sample_data\raw_candidates\fruit_rot\fruit_rot_inat_93242914.jpg,fruit_rot,,pending,,
sample_data\raw_candidates\fruit_rot\fruit_rot_inat_97979332.jpg,fruit_rot,,pending,,
sample_data\raw_candidates\fruit_rot\fruit_rot_inat_97980335.jpg,fruit_rot,,pending,,
sample_data\raw_candidates\unknown\unknown_0000.jpg,unknown,,pending,,
sample_data\raw_candidates\unknown\unknown_0001.jpg,unknown,,pending,,
sample_data\raw_candidates\unknown\unknown_0002.jpg,unknown,,pending,,
sample_data\raw_candidates\unknown\unknown_0003.jpg,unknown,,pending,,
sample_data\raw_candidates\unknown\unknown_0004.jpg,unknown,,pending,,
sample_data\raw_candidates\unknown\unknown_0005.jpg,unknown,,pending,,
sample_data\raw_candidates\unknown\unknown_inat_679618983.jpg,unknown,,pending,,
sample_data\raw_candidates\unknown\unknown_inat_679620326.jpg,unknown,,pending,,
sample_data\raw_candidates\unknown\unknown_inat_679620691.jpg,unknown,,pending,,
sample_data\raw_candidates\unknown\unknown_inat_679621952.jpg,unknown,,pending,,
sample_data\raw_candidates\unknown\unknown_inat_679622101.jpg,unknown,,pending,,
sample_data\raw_candidates\unknown\unknown_inat_679622295.jpg,unknown,,pending,,
sample_data\raw_candidates\unknown\unknown_inat_679622560.jpg,unknown,,pending,,
sample_data\raw_candidates\unknown\unknown_inat_679623011.jpg,unknown,,pending,,
sample_data\raw_candidates\unknown\unknown_inat_679623181.jpg,unknown,,pending,,
sample_data\raw_candidates\unknown\unknown_inat_679623303.jpg,unknown,,pending,,
sample_data\raw_candidates\unknown\unknown_inat_679623831.jpg,unknown,,pending,,
sample_data\raw_candidates\unknown\unknown_inat_679624140.jpg,unknown,,pending,,
sample_data\raw_candidates\unknown\unknown_inat_679624362.jpg,unknown,,pending,,
sample_data\raw_candidates\unknown\unknown_inat_679624490.jpg,unknown,,pending,,
sample_data\raw_candidates\unknown\unknown_inat_679624669.jpg,unknown,,pending,,
sample_data\raw_candidates\unknown\unknown_inat_679624783.jpg,unknown,,pending,,
sample_data\raw_candidates\unknown\unknown_inat_679625020.jpg,unknown,,pending,,
sample_data\raw_candidates\unknown\unknown_inat_679625711.jpg,unknown,,pending,,
sample_data\raw_candidates\unknown\unknown_inat_679626413.jpg,unknown,,pending,,
sample_data\raw_candidates\unknown\unknown_inat_679626918.jpg,unknown,,pending,,
sample_data\raw_candidates\unknown\unknown_inat_679627904.jpg,unknown,,pending,,
sample_data\raw_candidates\unknown\unknown_inat_679631034.jpg,unknown,,pending,,
sample_data\raw_candidates\unknown\unknown_inat_679631198.jpg,unknown,,pending,,
sample_data\raw_candidates\unknown\unknown_inat_679631660.jpg,unknown,,pending,,
sample_data\raw_candidates\unknown\unknown_inat_679631906.jpg,unknown,,pending,,
sample_data\raw_candidates\unknown\unknown_inat_679632189.jpg,unknown,,pending,,
sample_data\raw_candidates\unknown\unknown_inat_679632482.jpg,unknown,,pending,,
sample_data\raw_candidates\unknown\unknown_inat_679633916.jpg,unknown,,pending,,
sample_data\raw_candidates\unknown\unknown_inat_679634317.jpg,unknown,,pending,,
sample_data\raw_candidates\unknown\unknown_inat_679634597.jpg,unknown,,pending,,
sample_data\raw_candidates\unknown\unknown_inat_679635425.jpg,unknown,,pending,,
sample_data\raw_candidates\unknown\unknown_inat_679820159.jpg,unknown,,pending,,
sample_data\raw_candidates\unknown\unknown_inat_679837124.jpg,unknown,,pending,,
sample_data\raw_candidates\unknown\unknown_inat_679938664.jpg,unknown,,pending,,
sample_data\raw_candidates\unknown\unknown_inat_679938722.jpg,unknown,,pending,,
sample_data\raw_candidates\unknown\unknown_inat_679938758.jpg,unknown,,pending,,
sample_data\raw_candidates\unknown\unknown_inat_680171348.jpg,unknown,,pending,,
sample_data\raw_candidates\unknown\unknown_inat_680197706.jpg,unknown,,pending,,
sample_data\raw_candidates\unknown\unknown_inat_680197707.jpg,unknown,,pending,,
sample_data\raw_candidates\unknown\unknown_inat_680197708.jpg,unknown,,pending,,
sample_data\raw_candidates\unknown\unknown_inat_680198314.jpg,unknown,,pending,,
sample_data\raw_candidates\unknown\unknown_inat_680198338.jpg,unknown,,pending,,
sample_data\raw_candidates\unknown\unknown_inat_680205149.jpg,unknown,,pending,,
sample_data\raw_candidates\unknown\unknown_inat_680207484.jpg,unknown,,pending,,
sample_data\raw_candidates\unknown\unknown_inat_680207502.jpg,unknown,,pending,,
sample_data\raw_candidates\unknown\unknown_inat_680208064.jpg,unknown,,pending,,
sample_data\raw_candidates\unknown\unknown_inat_680208280.jpg,unknown,,pending,,
sample_data\raw_candidates\unknown\unknown_inat_680208862.jpg,unknown,,pending,,
sample_data\raw_candidates\unknown\unknown_inat_680208865.jpg,unknown,,pending,,
sample_data\raw_candidates\unknown\unknown_inat_680208919.jpg,unknown,,pending,,
sample_data\raw_candidates\unknown\unknown_inat_680208946.jpg,unknown,,pending,,
sample_data\raw_candidates\unknown\unknown_inat_680209031.jpg,unknown,,pending,,
sample_data\raw_candidates\unknown\unknown_inat_680209045.jpg,unknown,,pending,,
sample_data\raw_candidates\unknown\unknown_inat_680209117.jpg,unknown,,pending,,
sample_data\raw_candidates\unknown\unknown_inat_680209131.jpg,unknown,,pending,,
sample_data\raw_candidates\unknown\unknown_inat_680209998.jpg,unknown,,pending,,
sample_data\raw_candidates\unknown\unknown_inat_680210197.jpg,unknown,,pending,,
sample_data\raw_candidates\unknown\unknown_inat_680227895.jpg,unknown,,pending,,
sample_data\raw_candidates\unknown\unknown_inat_680228031.jpg,unknown,,pending,,
sample_data\raw_candidates\unknown\unknown_inat_680228242.jpg,unknown,,pending,,
sample_data\raw_candidates\unknown\unknown_inat_680242852.jpg,unknown,,pending,,
sample_data\raw_candidates\unknown\unknown_inat_680497799.jpg,unknown,,pending,,
sample_data\raw_candidates\unknown\unknown_inat_680497868.jpg,unknown,,pending,,
sample_data\raw_candidates\unknown\unknown_inat_680541231.jpg,unknown,,pending,,
sample_data\raw_candidates\unknown\unknown_inat_680809825.jpg,unknown,,pending,,
sample_data\raw_candidates\unknown\unknown_inat_680882081.jpg,unknown,,pending,,
sample_data\raw_candidates\unknown\unknown_inat_680882139.jpg,unknown,,pending,,
sample_data\raw_candidates\unknown\unknown_inat_681044308.jpg,unknown,,pending,,
sample_data\raw_candidates\unknown\unknown_inat_681074107.jpg,unknown,,pending,,
sample_data\raw_candidates\unknown\unknown_inat_681074928.jpg,unknown,,pending,,
sample_data\raw_candidates\unknown\unknown_inat_681074929.jpg,unknown,,pending,,
sample_data\raw_candidates\unknown\unknown_inat_681088662.jpg,unknown,,pending,,
sample_data\raw_candidates\unknown\unknown_inat_681106513.jpg,unknown,,pending,,
sample_data\raw_candidates\unknown\unknown_inat_681386136.jpg,unknown,,pending,,
sample_data\raw_candidates\unknown\unknown_inat_681532415.jpg,unknown,,pending,,
sample_data\raw_candidates\unknown\unknown_inat_681532417.jpg,unknown,,pending,,
sample_data\raw_candidates\unknown\unknown_inat_681532420.jpg,unknown,,pending,,
sample_data\raw_candidates\unknown\unknown_inat_681578758.jpg,unknown,,pending,,
sample_data\raw_candidates\unknown\unknown_inat_681598785.jpg,unknown,,pending,,
sample_data\raw_candidates\unknown\unknown_inat_681689887.jpg,unknown,,pending,,
sample_data\raw_candidates\unknown\unknown_inat_681689888.jpg,unknown,,pending,,
sample_data\raw_candidates\unknown\unknown_inat_681689890.jpg,unknown,,pending,,
sample_data\raw_candidates\unknown\unknown_inat_681881176.jpg,unknown,,pending,,
sample_data\raw_candidates\unknown\unknown_inat_681881223.jpg,unknown,,pending,,
sample_data\raw_candidates\unknown\unknown_inat_681896543.jpg,unknown,,pending,,
sample_data\raw_candidates\unknown\unknown_inat_681896586.jpg,unknown,,pending,,
sample_data\raw_candidates\unknown\unknown_inat_682037500.jpg,unknown,,pending,,
sample_data\raw_candidates\unknown\unknown_inat_682059150.jpg,unknown,,pending,,
sample_data\raw_candidates\unknown\unknown_inat_682107573.jpg,unknown,,pending,,
sample_data\raw_candidates\unknown\unknown_inat_682158127.jpg,unknown,,pending,,
sample_data\raw_candidates\unknown\unknown_inat_682239162.jpg,unknown,,pending,,
sample_data\raw_candidates\unknown\unknown_inat_682267610.jpg,unknown,,pending,,
sample_data\raw_candidates\unknown\unknown_inat_682313124.jpg,unknown,,pending,,
sample_data\raw_candidates\unknown\unknown_inat_682507150.jpg,unknown,,pending,,
sample_data\raw_candidates\unknown\unknown_inat_682557780.jpg,unknown,,pending,,
sample_data\raw_candidates\unknown\unknown_inat_682612124.jpg,unknown,,pending,,
sample_data\raw_candidates\unknown\unknown_inat_682656429.jpg,unknown,,pending,,
sample_data\raw_candidates\unknown\unknown_inat_682673066.jpg,unknown,,pending,,
sample_data\raw_candidates\unknown\unknown_inat_682678143.jpg,unknown,,pending,,
sample_data\raw_candidates\unknown\unknown_inat_682958936.jpg,unknown,,pending,,
sample_data\raw_candidates\unknown\unknown_inat_682963403.jpg,unknown,,pending,,
sample_data\raw_candidates\unknown\unknown_inat_682963599.jpg,unknown,,pending,,
sample_data\raw_candidates\unknown\unknown_inat_682969541.jpg,unknown,,pending,,
sample_data\raw_candidates\unknown\unknown_inat_682976706.jpg,unknown,,pending,,
